title,price
Bomba Electrica,385
Samsung Galaxy,3299
72 Marcadores,207
Cortinas Led,125
Paquete Llantas,3523
Cpu Amd Ryzen,2499
Porta Celular,154
Smartwatch,2650
Fundas Samsung,143
Iphone 14,8299
Capa Bordada De Harry Potter,493
Mochila De Gran Capacidad Con Cargador Usb,290
Colmi V33 Reloj Inteligente Mujer Con Temperatura Smartwatch,849
Tapabocas Cubrebocas Plisado Tricapa Termosellado Fda Y Ce,189
Máscara Luz Led La Purga Halloween La Purga Colores Calidad,105
"Funda Acrigel Para Samsung, Xiaomi, Poco/premium/uso Rudo",63
Samsung Galaxy A03 64 GB negro 4 GB RAM,2599
Gel Limpiador Espumoso Cerave Piel Normal Grasa Acné 473 Ml,321
T700s Smartwatch 1.8 Infinita Reloj Brilloso Gran Bateria,270
Chamarra That´s Hot Con Gorro Removible Para Hombre,399
Cargador Xiaomi Original Turbo 33w Con Cable Tipo C 6a,473
Samsung Galaxy S21 FE 5G 256 GB lavanda 8 GB RAM,12499
Display Pantalla Touch Huawei Y6 2019 Negro,351
Funda Para iPhone X/xs/max/xr Otter Box Defender+clip,363
Reloj Telefono Inteligente 4g Smartwatch Android Celular Sim,3599
Procesador gamer AMD Ryzen 5 5600G 100-100000252BOX de 6 núcleos y  4.4GHz de frecuencia con gráfica integrada,2499
Xiaomi Redmi Note 10S Dual SIM 128 GB blanco piedra 6 GB RAM,4098
Gel Limpiador Espumoso Cerave Piel Normal A Grasa - 236ml,236
Kit Garnier Express Aclara Serum +crema +gel Con Vitamina C,328
"Samsung Galaxy Watch4 (Bluetooth) 1.4"" caja 44mm de  aluminio black, malla  black de  fluoroelastómero SM-R870",3467
Cargador Xiaomi 18w Original Tipo C. Carga Rápida,315
Celular Samsung Galaxy A03 Core 32gb + 2gb Ram Light Green,2199
Xg8 Audífonos Inalámbricos Con Bluetooth Resistentes Al Agua,148
Funda Samsung S22/plus/ultra Otterbox Defender Original+clip,393
"Smartwatch Para Mujer, Reloj Inteligente Deportivo Bluetooth",924
Cargador Inalámbrico Magnetico Qi Carga Rápida 15w Ios,315
Moto G60 Dual SIM 128 GB plata 4 GB RAM,3978
Cargador Xiaomi 33w Original Tipo C. Turbo Cargador Mdy11ex,526
Funda Tpu Líquido De Dos Colores Para Xiaomi Poco Redmi,128
Reloj Inteligente Life Watch Mide Signos Vitales Cv Directo,1999
Audífonos Inalámbricos,160
Samsung Galaxy A52 128 GB azul sorprendente 6 GB RAM,6299
Mesa Plegable Portafolio Plastico 1.80m Resistente Garantia,1259
Reloj Inteligente Resistente Al Agua Con Bluetooth,765
Pantalla Smart Tv Tcl 50 Pulgadas 4k Uhd Android Tv 50a445,7799
Xiaomi Pocophone Poco M3 Pro 5G Dual SIM 128 GB azul hielo 6 GB RAM,4366
Tenis De Seguridad Industrial Para Trabajo Hombre Ligero,572
Funda iPhone 13mini/pro/max Otter Box Defender Original+clip,376
Reloj Inteligente Smartwatch Llamar Deportes 1.85,493
Impresora a color multifunción HP Deskjet Ink Advantage 2374 blanca 100V/240V,1299
Set 3 Bolsas Bandolera Mujer Cosmetiquera Cartera Borla Logo,201
Celular Motorola Moto G42 6.4'' 128gb 4gb Ram Oled Liberado,4799
Taladro percutor inalámbrico de 10mm Teeno 5816-1 21V,719
Suplemento en polvo Optimum Nutrition  Gold Standard 100% Whey proteína sabor double rich chocolate en pote de 2.27kg,1519
Soldadora inverter Swedish Husky Power HKS125 naranja y negra 60Hz 110V,1299
Reloj Inteligente Fd68 Smartwatch Diseño Tipo Uso Rudo,164
Samsung Galaxy A03 64 GB azul 4 GB RAM,2599
Pack 2 Mica Cristal Templado iPad 9/8/7 10.2  2021/2020/2019,145
Soporte Cargador Inalámbrico Automatica Para Celular De Auto,505
Funda Nillkin Camshield Pro Para Xiaomi Mi 11t / Mi 11t Pro,298
Reloj Inteligente T500 Deportivo Contesta Llamadas,235
Aspiradora trapeadora robot ILife V5s Pro dorada 100V/240V,3037
Kit Combo 8 En 1 Impresora Sublimar Sublimación Pmo Oferta 1,10995
Árbol Navidad Artificial Pino Nevado 2.4m -  Esquimal,1998
Zapatos De Seguridad De Fibra De Kevlar Transpirables,555
Guantes De Nitrilo Libre De Latex Sin Polvo Azul Negro,799
Xiaomi Redmi 10A Dual SIM 128 GB plata cromada 4 GB RAM,3427
Funda Magnética De Metal Transparente Para iPhone 12 13 14,566
"Apple Watch Series 7 (GPS, 41mm) - Caja de aluminio color azul medianoche - Correa deportiva azul medianoche",9699
Aspirador De Mano Portátil Para Hogar Y Automóvil,540
Protector Solar Facial Nivea Sun Control Brillo X2 - 100ml,365
Xiaomi Pocophone Poco F4 Dual SIM 256 GB moonsilver 8 GB RAM,8149
Para La Pantalla Táctil De Xiaomi Redmi Note 7/7 Pro Lcd,658
Tira De Luces Led App Bluetooth Control 5050 Rgb 20m (2x10m),396
Funda Apple Para iPhone 11 Pro Leather Case Original Cafe,750
"Reloj Inteligente Con Pantalla Táctil De 1,4/realme Watch 2",510
Celular Samsung Galaxy A03 Core 32gb 2gb Ram Liberado Dorado,2199
Tenis De Entrenamiento Hombre Nike Air Max Alpha Trainer 5,1889
Monitor Led 22 Qtouch Qt-2200 Hd 2022 Garantia,1715
Cubrebocas Kn95 Tapabocas 5 Capas Reutilizables Certificado,219
Tenis De Seguridad Kevlar Con Puntera De Acero,578
Pantalla Lcd Táctil Para LG K51 Lm-k500um Alta Calidad,645
Samsung Galaxy A52 128 GB violeta sorprendente 6 GB RAM,6499
Funda + Cargador Magsafe + Cámara Para iPhone Transparente,531
Pantalla Hisense 50a6 50'' 4k 60hz Bluetooth Google Tv,8399
"Reloj Inteligente Huawei Watch Fit 1.64, Ritmo Cardíaco Spo2",1774
Cubrebocas Tricapa Termosellado Plisado Negro 300 Piezas,189
Funda Para iPhone 14/pro/max/pro Max Otter Box Defender+clip,417
Popping Pearl / Perlas Explosivas 3 Kg Soda Italiana,418
"Smartwatch Dizo Watch 1.4"" caja carbon grey, malla de  silicona",488
Tiras De Led Rgb 20 Metros Wifi Luces Led Alexa App Control,474
Xiaomi 12 Lite 128gb 8gb Negro,7999
Chamarra Táctica Militar Shark Térmica Contra Agua Hombre,672
Mica De Hidrogel Para Modelos Xiaomi (ver Fotos),73
Funda Para iPhone 12mini/pro/max Otter Box Defender +clip,331
"Reloj Inteligente Deportivo Bluetooth, Smartwatch Para Mujer",747
ZTE Blade A71 64 GB blue 3 GB RAM,2564
Sábanas King 2500 Hilos Tacto Suave Egipcio Premium,298
Silla Gamer Económica Reclinable Ergonómica Ouo,2074
Celular Samsung Galaxy S21 Fe 256gb 8gb Ram Liberado Blanco,12499
Paquete De 4 Sudaderas Hoodie Capucha Hombre  Colores Gruesa,899
Guante Synamax Vinil Nitrilo Libre De Latex,96
Power Bank 20000 Mah Bateria Portatil Con Cable,431
Pantalla Lcd Display Touch Compatible Con iPhone 8 Plus,480
Celular Samsung Galaxy A13 4g 128gb 4gb Ram Liberado Azul,4199
Set De 4 Sillas Minimalistas Modernas Tipo Eames Comedor,1599
2 Piezas Privacidad De Hidrogel Mica Para Huawei Honor,172
Silla De Ruedas Económica,2559
Xiaomi Pocophone Poco X4 Pro 5G Dual SIM 256 GB laser black 8 GB RAM,6848
Proyector Xgody Led Android Wifi 8k Full Hd 1080p 8000lumens,3616
Funda Para iPhone 11/pro/11 Pro Max Otter Box Defender+clip,347
Tenis Para Hombre Nike Air Max Sc,1519
"Lentes Para Celular Apexel Con Tripie, Obturador Y Zoom 18x",497
Reloj Deportivo Inteligente Bluetooth Impermeable,464
Xiaomi Pocophone Poco M3 Pro 5G Dual SIM 128 GB power black 6 GB RAM,4366
Protector Mica Lente Cámara Para iPhone Individual Metal,85
Funda Tpu Líquido De Dos Colores Para Moto Motorola,136
Taladro Atornillador Alto Impacto Con 2 Baterías De Litio,648
Samsung Galaxy A03 64 GB rojo 4 GB RAM,2599
Microsoft Xbox Series S 512GB Standard color  blanco,6263
Cargador Samsung Super Carga Rápida S21 Plus 25w Original,401
Funda Ultra Slim Para Xiaomi Redmi Poco,130
Soldadora Inversora Maquina 130amp 110/220v Str14e Stallion,1599
1.69'' Reloj Smart Watch Mujer Con Temperatura Pulsera Doble,596
Xiaomi Redmi Note 11 (Snapdragon) Dual SIM 128 GB gris grafito 6 GB RAM,3998
Amazon Echo Dot 4th Gen con asistente virtual Alexa twilight blue 110V/240V,762
Proyector Profesional 8k Android Wifi Full Hd 1080p 8000 Lm,3774
Google Chromecast 3.ª generación Full HD carbón,629
Cámara De Seguridad Wifi Exterior 1080p Con Led Iluminación,660
Reloj Inteligente Deportivo Impermeable Con Bluetooth,628
Xiaomi Pocophone Poco X4 Pro 5G Dual SIM 256 GB laser blue 8 GB RAM,6529
Cargador Samsung Original Super Carga Rapida 25w Tipo C,497
"D1002 Sistema De Teléfono Inalámbrico Expandible, 1 Pzas",649
Kit Funda Magsafe + Mica Pantalla + Mica Cámara Para iPhone,282
Reloj Smart Watch Mujer Deportivo Impermeable Para Hombre,605
Xiaomi Redmi 10C Dual SIM 128 GB gris grafito 4 GB RAM,3068
Arbol Navidad Artificial Frondoso 1.90 M Verde Pino Jardimex,1099
Accesorio Apple Airtag Localizador A2187  Icloud Factura,950
Colchón Individual Ortopédico + 2 Almohadas Spring Air,3299
Funda Case De Uso Rudo Para iPhone Transparente Antigolpes,159
"Huawei Band 6 1.47"" caja de  polímero dark gray, malla  graphite black de  silicona FRA-B19",799
Xiaomi Redmi Note 11 (Snapdragon) Dual SIM 128 GB azul estelar 6 GB RAM,4038
"Tablet  Samsung Galaxy Tab A7 Lite with Book Cover SM-T220 8.7"" 32GB plateada y 3GB de memoria RAM",2899
Pantalla Para Samsung S20 Fe C/ Marco Amoled G780 G781 Orig,3817
Kit Funda Para iPhone Magsafe Cargador Mica Camara Pantalla,572
"Power Bank, Banco De Energía Solar 30800mah, Inalámbrico Qi",1028
"Xiaomi Mi Smart Band 5 1.1"" caja de  plástico pc black, malla  black de  elastómero termoplástico y aleación de aluminio XMSH10HM",488
Samsung Galaxy A53 5G 128 GB awesome peach 8 GB RAM,7394
Cargador Xiaomi 33w Original Tipo C. Turbo Cargador Mdy11ex,538
Funda Ultra Slim Para  Samsung Galaxy,130
"Tablet  Samsung Galaxy Tab A7 Lite with Book Cover SM-T220 8.7"" 32GB gris y 3GB de memoria RAM",2499
Smartwatch Mujer 1.85 Reloj Inteligente Reloj Impermeable,887
Samsung Galaxy M13 Dual SIM 64 GB deep green 4 GB RAM,3299
