title,reviews
Bomba Electrica,385
Samsung Galaxy A03,3299
72 Colores Marcadores,207
Cortinas Luces Led,125
Paquete 2 Llantas,3523
Procesador Cpu Amd Ryzen,2499
Porta Celular,154
Fino Smartwatch,2650
Fundas Para Samsung,143
Samsung Galaxy A53,8299
Mochila De Gran Capacidad Con Cargador Usb,1061.0
Colmi V33 Reloj Inteligente Mujer Con Temperatura Smartwatch,32.0
Tapabocas Cubrebocas Plisado Tricapa Termosellado Fda Y Ce,6752.0
Máscara Luz Led La Purga Halloween La Purga Colores Calidad,249.0
"Funda Acrigel Para Samsung, Xiaomi, Poco/premium/uso Rudo",5.0
Samsung Galaxy A03 64 GB negro 4 GB RAM,314.0
Gel Limpiador Espumoso Cerave Piel Normal Grasa Acné 473 Ml,2164.0
Chamarra That´s Hot Con Gorro Removible Para Hombre,6.0
Cargador Xiaomi Original Turbo 33w Con Cable Tipo C 6a,359.0
Samsung Galaxy S21 FE 5G 256 GB lavanda 8 GB RAM,71.0
Display Pantalla Touch Huawei Y6 2019 Negro,4.0
Funda Para iPhone X/xs/max/xr Otter Box Defender+clip,32.0
Procesador gamer AMD Ryzen 5 5600G 100-100000252BOX de 6 núcleos y  4.4GHz de frecuencia con gráfica integrada,180.0
Xiaomi Redmi Note 10S Dual SIM 128 GB blanco piedra 6 GB RAM,2630.0
Gel Limpiador Espumoso Cerave Piel Normal A Grasa - 236ml,1490.0
Kit Garnier Express Aclara Serum +crema +gel Con Vitamina C,3499.0
"Samsung Galaxy Watch4 (Bluetooth) 1.4"" caja 44mm de  aluminio black, malla  black de  fluoroelastómero SM-R870",137.0
Cargador Xiaomi 18w Original Tipo C. Carga Rápida,5.0
Celular Samsung Galaxy A03 Core 32gb + 2gb Ram Light Green,43.0
Xg8 Audífonos Inalámbricos Con Bluetooth Resistentes Al Agua,3185.0
Funda Samsung S22/plus/ultra Otterbox Defender Original+clip,17.0
"Smartwatch Para Mujer, Reloj Inteligente Deportivo Bluetooth",138.0
Cargador Inalámbrico Magnetico Qi Carga Rápida 15w Ios,51.0
Moto G60 Dual SIM 128 GB plata 4 GB RAM,1139.0
Cargador Xiaomi 33w Original Tipo C. Turbo Cargador Mdy11ex,36.0
Reloj Inteligente Life Watch Mide Signos Vitales Cv Directo,35.0
Audífonos Inalámbricos,3907.0
Samsung Galaxy A52 128 GB azul sorprendente 6 GB RAM,1466.0
Mesa Plegable Portafolio Plastico 1.80m Resistente Garantia,78.0
Reloj Inteligente Resistente Al Agua Con Bluetooth,55.0
Pantalla Smart Tv Tcl 50 Pulgadas 4k Uhd Android Tv 50a445,30.0
Xiaomi Pocophone Poco M3 Pro 5G Dual SIM 128 GB azul hielo 6 GB RAM,1389.0
Tenis De Seguridad Industrial Para Trabajo Hombre Ligero,228.0
Funda iPhone 13mini/pro/max Otter Box Defender Original+clip,85.0
Impresora a color multifunción HP Deskjet Ink Advantage 2374 blanca 100V/240V,1441.0
Set 3 Bolsas Bandolera Mujer Cosmetiquera Cartera Borla Logo,1931.0
Celular Motorola Moto G42 6.4'' 128gb 4gb Ram Oled Liberado,5.0
Taladro percutor inalámbrico de 10mm Teeno 5816-1 21V,1192.0
Suplemento en polvo Optimum Nutrition  Gold Standard 100% Whey proteína sabor double rich chocolate en pote de 2.27kg,1104.0
Soldadora inverter Swedish Husky Power HKS125 naranja y negra 60Hz 110V,206.0
Reloj Inteligente Fd68 Smartwatch Diseño Tipo Uso Rudo,96.0
Samsung Galaxy A03 64 GB azul 4 GB RAM,314.0
Pack 2 Mica Cristal Templado iPad 9/8/7 10.2  2021/2020/2019,39.0
Reloj Inteligente T500 Deportivo Contesta Llamadas,77.0
Aspiradora trapeadora robot ILife V5s Pro dorada 100V/240V,390.0
Kit Combo 8 En 1 Impresora Sublimar Sublimación Pmo Oferta 1,32.0
Zapatos De Seguridad De Fibra De Kevlar Transpirables,87.0
Guantes De Nitrilo Libre De Latex Sin Polvo Azul Negro,72.0
Xiaomi Redmi 10A Dual SIM 128 GB plata cromada 4 GB RAM,49.0
"Apple Watch Series 7 (GPS, 41mm) - Caja de aluminio color azul medianoche - Correa deportiva azul medianoche",59.0
Aspirador De Mano Portátil Para Hogar Y Automóvil,180.0
Xiaomi Pocophone Poco F4 Dual SIM 256 GB moonsilver 8 GB RAM,53.0
Tira De Luces Led App Bluetooth Control 5050 Rgb 20m (2x10m),989.0
Funda Apple Para iPhone 11 Pro Leather Case Original Cafe,6.0
"Reloj Inteligente Con Pantalla Táctil De 1,4/realme Watch 2",69.0
Celular Samsung Galaxy A03 Core 32gb 2gb Ram Liberado Dorado,7.0
Tenis De Entrenamiento Hombre Nike Air Max Alpha Trainer 5,16.0
Monitor Led 22 Qtouch Qt-2200 Hd 2022 Garantia,23.0
Cubrebocas Kn95 Tapabocas 5 Capas Reutilizables Certificado,1512.0
Tenis De Seguridad Kevlar Con Puntera De Acero,276.0
Samsung Galaxy A52 128 GB violeta sorprendente 6 GB RAM,1466.0
Pantalla Hisense 50a6 50'' 4k 60hz Bluetooth Google Tv,56.0
"Reloj Inteligente Huawei Watch Fit 1.64, Ritmo Cardíaco Spo2",974.0
Cubrebocas Tricapa Termosellado Plisado Negro 300 Piezas,774.0
Popping Pearl / Perlas Explosivas 3 Kg Soda Italiana,37.0
"Smartwatch Dizo Watch 1.4"" caja carbon grey, malla de  silicona",310.0
Tiras De Led Rgb 20 Metros Wifi Luces Led Alexa App Control,794.0
Xiaomi 12 Lite 128gb 8gb Negro,30.0
Chamarra Táctica Militar Shark Térmica Contra Agua Hombre,388.0
Mica De Hidrogel Para Modelos Xiaomi (ver Fotos),481.0
Funda Para iPhone 12mini/pro/max Otter Box Defender +clip,69.0
"Reloj Inteligente Deportivo Bluetooth, Smartwatch Para Mujer",20.0
ZTE Blade A71 64 GB blue 3 GB RAM,78.0
Sábanas King 2500 Hilos Tacto Suave Egipcio Premium,773.0
Silla Gamer Económica Reclinable Ergonómica Ouo,27.0
Guante Synamax Vinil Nitrilo Libre De Latex,935.0
Power Bank 20000 Mah Bateria Portatil Con Cable,34.0
Celular Samsung Galaxy A13 4g 128gb 4gb Ram Liberado Azul,74.0
Set De 4 Sillas Minimalistas Modernas Tipo Eames Comedor,58.0
Silla De Ruedas Económica,214.0
Xiaomi Pocophone Poco X4 Pro 5G Dual SIM 256 GB laser black 8 GB RAM,850.0
Proyector Xgody Led Android Wifi 8k Full Hd 1080p 8000lumens,187.0
Funda Para iPhone 11/pro/11 Pro Max Otter Box Defender+clip,54.0
Tenis Para Hombre Nike Air Max Sc,454.0
"Lentes Para Celular Apexel Con Tripie, Obturador Y Zoom 18x",39.0
Reloj Deportivo Inteligente Bluetooth Impermeable,194.0
Xiaomi Pocophone Poco M3 Pro 5G Dual SIM 128 GB power black 6 GB RAM,1389.0
Protector Mica Lente Cámara Para iPhone Individual Metal,10.0
Taladro Atornillador Alto Impacto Con 2 Baterías De Litio,648.0
Samsung Galaxy A03 64 GB rojo 4 GB RAM,314.0
Microsoft Xbox Series S 512GB Standard color  blanco,1341.0
Cargador Samsung Super Carga Rápida S21 Plus 25w Original,51.0
Funda Ultra Slim Para Xiaomi Redmi Poco,109.0
Soldadora Inversora Maquina 130amp 110/220v Str14e Stallion,61.0
1.69'' Reloj Smart Watch Mujer Con Temperatura Pulsera Doble,123.0
Xiaomi Redmi Note 11 (Snapdragon) Dual SIM 128 GB gris grafito 6 GB RAM,1038.0
Amazon Echo Dot 4th Gen con asistente virtual Alexa twilight blue 110V/240V,5564.0
Proyector Profesional 8k Android Wifi Full Hd 1080p 8000 Lm,123.0
Google Chromecast 3.ª generación Full HD carbón,8617.0
Cámara De Seguridad Wifi Exterior 1080p Con Led Iluminación,1277.0
Reloj Inteligente Deportivo Impermeable Con Bluetooth,3674.0
Xiaomi Pocophone Poco X4 Pro 5G Dual SIM 256 GB laser blue 8 GB RAM,850.0
Cargador Samsung Original Super Carga Rapida 25w Tipo C,182.0
Kit Funda Magsafe + Mica Pantalla + Mica Cámara Para iPhone,129.0
Reloj Smart Watch Mujer Deportivo Impermeable Para Hombre,106.0
Xiaomi Redmi 10C Dual SIM 128 GB gris grafito 4 GB RAM,651.0
Arbol Navidad Artificial Frondoso 1.90 M Verde Pino Jardimex,124.0
Colchón Individual Ortopédico + 2 Almohadas Spring Air,9.0
Funda Case De Uso Rudo Para iPhone Transparente Antigolpes,352.0
"Huawei Band 6 1.47"" caja de  polímero dark gray, malla  graphite black de  silicona FRA-B19",5581.0
Xiaomi Redmi Note 11 (Snapdragon) Dual SIM 128 GB azul estelar 6 GB RAM,1038.0
"Tablet  Samsung Galaxy Tab A7 Lite with Book Cover SM-T220 8.7"" 32GB plateada y 3GB de memoria RAM",547.0
Kit Funda Para iPhone Magsafe Cargador Mica Camara Pantalla,16.0
"Xiaomi Mi Smart Band 5 1.1"" caja de  plástico pc black, malla  black de  elastómero termoplástico y aleación de aluminio XMSH10HM",9472.0
Samsung Galaxy A53 5G 128 GB awesome peach 8 GB RAM,156.0
Cargador Xiaomi 33w Original Tipo C. Turbo Cargador Mdy11ex,359.0
Funda Ultra Slim Para  Samsung Galaxy,200.0
"Tablet  Samsung Galaxy Tab A7 Lite with Book Cover SM-T220 8.7"" 32GB gris y 3GB de memoria RAM",547.0
Smartwatch Mujer 1.85 Reloj Inteligente Reloj Impermeable,31.0
Samsung Galaxy M13 Dual SIM 64 GB deep green 4 GB RAM,85.0
